Location,City_name
JP Nagar Phase 1,Bangalore
Dasarahalli on Tumkur Road,Bangalore
Kannur on Thanisandra Main Road,Bangalore
Doddanekundi,Bangalore
Kengeri,Bangalore
Horamavu,Bangalore
Thanisandra,Bangalore
Ramamurthy Nagar,Bangalore
Whitefield Hope Farm Junction,Bangalore
Electronic City Phase 1,Bangalore
Yelahanka,Bangalore
Anjanapura,Bangalore
Jalahalli,Bangalore
Kasavanahalli,Bangalore
Bommasandra,Bangalore
Bellandur,Bangalore
RR Nagar,Bangalore
Begur,Bangalore
Hosa Road,Bangalore
Sahakar Nagar,Bangalore
Kadugodi,Bangalore
Jakkur,Bangalore
Jigani,Bangalore
Krishnarajapura,Bangalore
Brookefield,Bangalore
Banashankari,Bangalore
Nelamangala,Bangalore
Attibele,Bangalore
Banaswadi,Bangalore
Kodigehalli,Bangalore
ITPL,Bangalore
Uttarahalli Hobli,Bangalore
Chikkagubbi on Hennur Main Road,Bangalore
Varthur,Bangalore
Vidyaranyapura,Bangalore
Electronic City Phase 2,Bangalore
J. P. Nagar,Bangalore
K. Chudahalli,Bangalore
Narayanaghatta,Bangalore
Anekal City,Bangalore
Sarjapur,Bangalore
Koramangala,Bangalore
Hebbal,Bangalore
Budigere Cross,Bangalore
Bommanahalli,Bangalore
Electronics City,Bangalore
Chikkalasandra,Bangalore
Kogilu,Bangalore
Nayandahalli,Bangalore
Bilekahalli,Bangalore
Muneshwara Nagar,Bangalore
Junnasandra,Bangalore
Narayanapura on Hennur Main Road,Bangalore
Kothanur,Bangalore
Kadugodi Industrial Area,Bangalore
Sarjapur Road Wipro To Railway Crossing,Bangalore
RMV Extension Stage 2,Bangalore
Kudlu,Bangalore
Talaghattapura,Bangalore
Kumbalgodu,Bangalore
Carmelaram,Bangalore
Uttarahalli,Bangalore
Anagalapura Near Hennur Main Road,Bangalore
Avalahalli Off Sarjapur Road,Bangalore
R T  Nagar,Bangalore
JP Nagar Phase 7,Bangalore
Subramanyapura,Bangalore
JP Nagar Phase 4,Bangalore
JP Nagar Phase 8,Bangalore
Amruthahalli,Bangalore
Nagarbhavi,Bangalore
Chandapura,Bangalore
Marsur,Bangalore
JP Nagar Phase 3,Bangalore
JP Nagar Phase 9,Bangalore
Gottigere,Bangalore
Kanakapura Road Beyond Nice Ring Road,Bangalore
Harlur,Bangalore
Konanakunte,Bangalore
Richmond Town,Bangalore
Jayanagar,Bangalore
Domlur,Bangalore
Devanahalli,Bangalore
Hulimavu,Bangalore
Kumaraswamy Layout,Bangalore
Bikasipura,Bangalore
Singasandra,Bangalore
JP Nagar Phase 6,Bangalore
Sanjaynagar,Bangalore
CV Raman Nagar,Bangalore
Padmanabhanagar,Bangalore
Hennur,Bangalore
KPC Layout,Bangalore
R.K. Hegde Nagar,Bangalore
Kannamangala,Bangalore
Yerthiganahalli,Bangalore
Badamanavarthekaval,Bangalore
Kanakapura,Bangalore
Bannerughatta,Bangalore
BTM Layout,Bangalore
Kuvempu Layout on Hennur Main Road,Bangalore
Marathahalli,Bangalore
Rajajinagar,Bangalore
Whitefield,Bangalore
RMV,Bangalore
Bileshivale,Bangalore
Nagawara,Bangalore
HSR Layout,Bangalore
Anjanapura Township,Bangalore
Hurulichikanahalli,Bangalore
Devarachikkana Halli,Bangalore
Sampangiram Nagar,Bangalore
Armane Nagar,Bangalore
Basavanagudi,Bangalore
Yeshwantpur,Bangalore
Battarahalli,Bangalore
K C Krishna Reddy Layout,Bangalore
Adugodi,Bangalore
Kammanahalli,Bangalore
Kalyan Nagar,Bangalore
Kudlu Gate,Bangalore
Kodipalya,Bangalore
Kaggadasapura,Bangalore
Malleswaram,Bangalore
Akshayanagar,Bangalore
Kammmanhalli,Bangalore
Lingarajapuram,Bangalore
Indira Nagar,Bangalore
Nagasandra,Bangalore
Kaval Byrasandra,Bangalore
Sanjay Nagar,Bangalore
Sanjeevini Nagar,Bangalore
Cooke Town,Bangalore
Frazer Town,Bangalore
Vasanth Nagar,Bangalore
NRI Layout,Bangalore
Dasarahalli,Bangalore
Kalkere,Bangalore
Kartik Nagar,Bangalore
Sarjapur Road Till Wipro,Bangalore
hebbal kempapura,Bangalore
Cox Town,Bangalore
Bendre Nagar,Bangalore
Hosakerehalli,Bangalore
Byrathi,Bangalore
Narayanapura,Bangalore
Chamrajpet,Bangalore
Kodihalli on Old Airport Road,Bangalore
Nandini Layout,Bangalore
Ullal Uppanagar,Bangalore
Doddaballapur,Bangalore
Murugesh Palya,Bangalore
Annapurneshwari Nagar,Bangalore
Lingadheeranahalli,Bangalore
Chandra Layout Extension,Bangalore
BTM Layout 2nd Stage,Bangalore
8th Phase JP Nagar,Bangalore
Dodda Banaswadi,Bangalore
Sidedahalli,Bangalore
Hallehalli,Bangalore
HBR Layout,Bangalore
Rajarajeshwari nagar,Bangalore
Uttarahalli Main Road,Bangalore
Poornapragna Housing Society Layout,Bangalore
5th Stage Raja Rajeshwari Nagar,Bangalore
RR Nagar Main Road,Bangalore
DrVishnuvardhan Road,Bangalore
Bharath Housing Society Layout,Bangalore
Hennur Main Road,Bangalore
JP Nagar Phase 5,Bangalore
5th Phase,Bangalore
Kadugondanahalli,Bangalore
Hosa Road Junction,Bangalore
AGS Layout Arehalli,Bangalore
Hosur Main Road,Bangalore
Uttarahalli Road,Bangalore
Poornaprajna Layout,Bangalore
Poorna Pragna Layout,Bangalore
Banashankari 5th stage,Bangalore
Channasandra Layout,Bangalore
JP Nagar 8th Phase,Bangalore
Volagerekallahalli,Bangalore
Mysore Road,Bangalore
Thanisandra Main Road,Bangalore
Koppa Begur Road,Bangalore
Sarjapur Road,Bangalore
Ulsoor,Bangalore
Kathriguppe,Bangalore
Babusabpalya,Bangalore
AECS Layout A Block Singasandra,Bangalore
KR Puram Bhattarahalli,Bangalore
Raja Rajeshwari Nagar 5th Stage,Bangalore
RMV 2nd Stage,Bangalore
Kambipura,Bangalore
Pattanagere Main Road,Bangalore
Ashwathkatte Road,Bangalore
BEML Layout 5th Stage,Bangalore
Shivaji Nagar,Bangalore
Bagalur,Bangalore
Sarjapur Attibele,Bangalore
Domlur Layout,Bangalore
sarjapura attibele road,Bangalore
TC Palya Road,Bangalore
ISRO Layout,Bangalore
Munnekollal,Bangalore
Infantry Road,Bangalore
Richards Town,Bangalore
Pattanagere,Bangalore
Benson Town,Bangalore
Sri Krishna Garden Layout,Bangalore
Kenchena Halli Road,Bangalore
Rajarajeswari Nagar,Bangalore
Bannerghatta Main Road,Bangalore
Mahadevapura,Bangalore
Babusa Palya,Bangalore
Kumaraswamy Layout Vittal Nagar,Bangalore
Ideal Homes Co Operative Housing Society,Bangalore
5th Stage BEML Layout,Bangalore
Dwaraka Nagar,Bangalore
Krishna Garden Road,Bangalore
Gubbalala Main Road,Bangalore
RT Nager,Bangalore
Kadathanamale,Bangalore
Manyata Tech Park Nagawara,Bangalore
Chandapura Anekal Road,Bangalore
BEML Layout,Bangalore
Nagavara,Bangalore
Abbigere,Bangalore
HBR Layout 4th Block,Bangalore
Panathur Road,Bangalore
Poornapragna Housing Society L,Bangalore
Wheeler Road Extension,Bangalore
Hegde Nagar,Bangalore
Vasanthapura Main Road,Bangalore
Hennur Road,Bangalore
Telecom Layout Thanisandra,Bangalore
Manayata Tech Park,Bangalore
MS Ramaiah North City Manayata Tech Park,Bangalore
Near Peenya Industrial Area,Bangalore
Bennigana Halli,Bangalore
Jaibharath Nagar Bangalore,Bangalore
Sadashiva Nagar,Bangalore
Ashok Nagar,Bangalore
Kogilu Road Near Yelahanka,Bangalore
Sompura Gate,Bangalore
Bagaluru,Bangalore
Lavelle Road,Bangalore
Horamavu Banjara Lyout,Bangalore
Kundalahalli,Bangalore
Basaveswarnagar,Bangalore
White Field,Bangalore
Yelahanka New Town,Bangalore
Bannerghatta Road Jigani,Bangalore
Hennagara,Bangalore
EPIP Zone,Bangalore
T C Palya Main Road,Bangalore
CV Raman Nagar Kaggadasapura,Bangalore
Ramanjaneyanagar,Bangalore
Chikkanayakanahalli at Off Sarjapur,Bangalore
Ashoka Road,Bangalore
Sindhi Colony,Bangalore
KR Puram Old Madras Road,Bangalore
Bannerghatta,Bangalore
Begur Road,Bangalore
K P Main Road,Bangalore
Residential Flat Uttarahalli Hobli,Bangalore
Bagaluru Near Yelahanka,Bangalore
Ananth Nagar,Bangalore
Electronic City Phase I,Bangalore
6th phase jp nagar,Bangalore
Ramagondanahalli,Bangalore
Jalahalli West,Bangalore
Off Bannerghatta Road,Bangalore
JP Nagar,Bangalore
Mallasandra,Bangalore
JP Nagar Phase 2,Bangalore
Maruthi Sevanagar,Bangalore
Hoskote,Bangalore
Bangalore Road,Bangalore
Residential FlatUttarahalli Hobli,Bangalore
7th Phase JP Nagar,Bangalore
Padmanabha Nagar,Bangalore
Whitefield Road,Bangalore
Nirman Layout,Bangalore
OMBR Layout,Bangalore
Sompura,Bangalore
Medaralli,Bangalore
Bengaluru Kanakapura Road,Bangalore
Basapura Main Road,Bangalore
Gunjur Balagere Road,Bangalore
Hosa Road Electronic City,Bangalore
Budigere,Bangalore
Hennagara Main Road,Bangalore
Off Cunningham Road,Bangalore
Vijaya Bank Layout,Bangalore
Geddalahalli,Bangalore
Banashankari Stage III,Bangalore
Bellari Road,Bangalore
Bhoopasandra,Bangalore
Kachanayakanahalli,Bangalore
Seegehalli Road,Bangalore
HAL,Bangalore
Perungalathur,Chennai
Madhavaram,Chennai
Karapakkam,Chennai
Thiruvidandhai,Chennai
Iyappanthangal,Chennai
Mevalurkuppam,Chennai
Kolapakkam,Chennai
Kundrathur,Chennai
Pammal,Chennai
Puzhal,Chennai
Selaiyur,Chennai
Thoraipakkam OMR,Chennai
Anna Nagar,Chennai
Mogappair,Chennai
Sholinganallur,Chennai
Medavakkam,Chennai
Avadi,Chennai
Tiruvottiyur,Chennai
Manapakkam,Chennai
Madipakkam,Chennai
Thiruvanmiyur,Chennai
Ramapuram,Chennai
Saidapet,Chennai
Poonamallee,Chennai
Pallavaram,Chennai
Maraimalai Nagar,Chennai
Madambakkam,Chennai
Perungudi,Chennai
Villivakkam,Chennai
Adyar,Chennai
Navallur,Chennai
Moolacheri,Chennai
Chromepet,Chennai
Nandambakkam,Chennai
Kelambakkam,Chennai
Vadapalani,Chennai
Kumananchavadi,Chennai
Porur,Chennai
Periyapanicheri,Chennai
Manikandan Nagar,Chennai
Kodambakkam,Chennai
Velachery,Chennai
East Tambaram,Chennai
Gopalapuram,Chennai
Sunnambu Kolathur S Kolathur,Chennai
Perumbakkam,Chennai
Cholambedu,Chennai
Urapakkam,Chennai
Raja Annamalai Puram,Chennai
Besant Nagar,Chennai
Peerakankaranai,Chennai
Nanmangalam,Chennai
Jamalia,Chennai
Guduvancheri,Chennai
Sembakkam,Chennai
Adambakkam,Chennai
Nungambakkam,Chennai
T Nagar,Chennai
K K Nagar,Chennai
Ambattur,Chennai
Valasaravakkam,Chennai
Kanathur Reddikuppam,Chennai
Mugalivakkam,Chennai
Purasaiwakkam,Chennai
Maduravoyal,Chennai
Gowrivakkam,Chennai
Mudichur,Chennai
West Tambaram,Chennai
Alwarpet,Chennai
Annanagar West,Chennai
Thiruverkadu,Chennai
tambaram west,Chennai
Guindy,Chennai
Korattur,Chennai
Tambaram Sanatoruim,Chennai
Irumbuliyur,Chennai
Kolathur,Chennai
Thirumullaivoyal,Chennai
Singaperumal Koil,Chennai
Ayapakkam,Chennai
Perambur,Chennai
Chetpet,Chennai
Kilpauk,Chennai
Egmore,Chennai
Alandur,Chennai
Kovur,Chennai
Vandalur,Chennai
Pozhichalur,Chennai
Vanagaram,Chennai
Thoraipakkam,Chennai
Ullagaram,Chennai
Kovilambakkam,Chennai
Kattupakkam,Chennai
Thirumazhisai,Chennai
Kattankulathur,Chennai
Ayanambakkam,Chennai
Sithalapakkam,Chennai
Vengaivasal,Chennai
Kilkattalai,Chennai
Annanagar,Chennai
Chengalpattu,Chennai
Pallikaranai,Chennai
Rajakilpakkam,Chennai
Chitlapakkam,Chennai
Palavakkam,Chennai
Kotturpuram,Chennai
Nenmeli,Chennai
Ramavaram,Chennai
Padi,Chennai
NehruNagar,Chennai
Pazavanthangal,Chennai
Thatchoor,Chennai
Padur,Chennai
Iyyappanthangal,Chennai
Mambakkam,Chennai
Egatoor,Chennai
Semmancheri,Chennai
Virugambakkam,Chennai
Moolakadai,Chennai
Siruseri,Chennai
Velappanchavadi,Chennai
Ekkatuthangal,Chennai
Royapettah,Chennai
Nandanam,Chennai
Vellakkal,Chennai
Annamalai Colony,Chennai
Thalambur,Chennai
Nanganallur,Chennai
Chembarambakkam,Chennai
Teynampet,Chennai
Mannivakkam,Chennai
Thaiyur,Chennai
Injambakkam,Chennai
Aminjikarai,Chennai
CIT Nagar,Chennai
Koyambedu,Chennai
Kil Ayanambakkam,Chennai
Choolaimedu,Chennai
Thirumudivakkam,Chennai
Kottivakkam,Chennai
Ponneri,Chennai
Mahindra World City,Chennai
Purasawalkam,Chennai
Anakaputhur,Chennai
TNHB,Chennai
Manali,Chennai
Mogappair East,Chennai
Bakthavatchalapuram,Chennai
Chikkarayapuram,Chennai
Triplicane,Chennai
Tiruporur Near Kelambakkam,Chennai
Agaramthen,Chennai
Vengambakkam,Chennai
Keelma Nagar,Chennai
Gerugambakkam,Chennai
Ottiyambakkam,Chennai
Vettuvankani,Chennai
Ponniammanmedu,Chennai
Ambattur INDUSTRIAL ESTATE,Chennai
Royapuram,Chennai
Shanthi Nagar,Chennai
Serapanacheri,Chennai
Kuthambakkam,Chennai
Anna Nagar East,Chennai
Pudupakkam,Chennai
Thiruneermalai,Chennai
Mangadu,Chennai
Arumbakkam,Chennai
Irandankattalai,Chennai
West Mambalam,Chennai
Tondiarpet,Chennai
Ayanavaram,Chennai
Mappedu,Chennai
Abiramapuram,Chennai
Mylapore,Chennai
Shenoy Nagar,Chennai
Ashok Nagar,Chennai
Tharapakkam,Chennai
OMR Road,Chennai
GST Road,Chennai
200 Feet Radial Road,Chennai
Adhanur,Chennai
Egattur,Chennai
tambaram east,Chennai
Pallikaranai VGP Shanti Nagar,Chennai
Sector 10 Dwarka,Delhi
Uttam Nagar,Delhi
Sarita Vihar,Delhi
Dwarka Mor,Delhi
Sector 7 Dwarka,Delhi
Sector 6 Dwarka,Delhi
Sector 5 Dwarka,Delhi
Sector 23 Rohini,Delhi
Mayur Vihar II,Delhi
Sector 24 Rohini,Delhi
Sector 11 Dwarka,Delhi
Sector 23 Dwarka,Delhi
Sector 12 Dwarka,Delhi
West End,Delhi
Sector 9 Rohini,Delhi
Mundka,Delhi
Sector 13 Rohini,Delhi
Jamia Nagar,Delhi
Sector 19 Dwarka,Delhi
Sector 17 Dwarka,Delhi
Bindapur,Delhi
Sector-18 Dwarka,Delhi
Vasant Kunj,Delhi
Shastri Nagar,Delhi
Sector-8 Rohini,Delhi
Sector 9 Dwarka,Delhi
Shanti Park Dwarka,Delhi
Govindpuri,Delhi
Sector 22 Dwarka,Delhi
Matiala,Delhi
Saket,Delhi
Mahavir Enclave,Delhi
Burari,Delhi
Shahdara,Delhi
Babarpur,Delhi
Khanpur,Delhi
Sector 13 Dwarka,Delhi
Mansa Ram Park,Delhi
Green Park,Delhi
Kalkaji,Delhi
Sector 4 Dwarka,Delhi
DLF Phase 5,Delhi
Sector 3 Dwarka,Delhi
Chittaranjan Park,Delhi
Chattarpur,Delhi
Greater Kailash,Delhi
Sector-14 Rohini,Delhi
Paschim Vihar,Delhi
Pitampura,Delhi
Sector 18B Dwarka,Delhi
Sector 2 Dwarka,Delhi
Jasola,Delhi
Pochanpur Colony,Delhi
Palam,Delhi
Saidabad,Delhi
Budh Vihar,Delhi
Sector 25 Rohini,Delhi
Sector 18A Dwarka,Delhi
Sewak Park,Delhi
Sector 23B Dwarka,Delhi
Rohini sector 24,Delhi
Sector 28 Rohini,Delhi
Rohini Sector 9,Delhi
Rohini Extension,Delhi
nawada,Delhi
Alaknanda,Delhi
Sector 22 Rohini,Delhi
Lajpat Nagar,Delhi
South Extension 2,Delhi
Sector 16B Dwarka,Delhi
Sheikh Sarai,Delhi
Sidhartha Nagar,Delhi
Sector-D Vasant Kunj,Delhi
Hauz Khas,Delhi
Kalkaji Extension,Delhi
Greater kailash 1,Delhi
Lajpat Nagar III,Delhi
Safdarjung Enclave,Delhi
Greater Kailash II,Delhi
Sainik Farms,Delhi
Sector 20 Rohini,Delhi
greater kailash Enclave 1,Delhi
DLF Farms,Delhi
Mehrauli,Delhi
Mahipalpur,Delhi
mayur vihar phase 1,Delhi
Sarvodaya Enclave,Delhi
Karol Bagh,Delhi
West Sagarpur,Delhi
Ashok Vihar,Delhi
Sector 21 Dwarka,Delhi
East of Kailash,Delhi
Khirki Extension,Delhi
Dashrath Puri,Delhi
SULTANPUR,Delhi
Patparganj,Delhi
Kaushambi,Delhi
Shakurbasti,Delhi
Hari Nagar,Delhi
Siri Fort,Delhi
Katwaria Sarai,Delhi
Mayur Vihar,Delhi
Nasirpur,Delhi
Bharat Vihar,Delhi
Nanak Heri Village,Delhi
Vikas Puri,Delhi
Madhu Vihar,Delhi
New Ashok Nagar,Delhi
Naraina,Delhi
Tagore Garden Extension,Delhi
New Friends Colony,Delhi
Sector 14 Rohini,Delhi
Dabri,Delhi
R.K. Puram,Delhi
Vijay Mandal Enclave,Delhi
Sector 8 Dwarka,Delhi
Badarpur,Delhi
Masjid moth,Delhi
Punjabi Bagh,Delhi
Gulmohar Enclave,Delhi
Jasola Vihar Sector 8 Road,Delhi
Bharthal,Delhi
Sheikh Sarai Phase2 New Delhi,Delhi
Abul Fazal Enclave Jamia Nagar,Delhi
Ramesh Nagar,Delhi
Shaheen Bagh Jamia Nagar,Delhi
Batla House Jamia Nagar,Delhi
Sector 1A Dwarka,Delhi
Zakir Nagar,Delhi
i p extension patparganj,Delhi
Neb Sarai,Delhi
Jogabai Extension New Delhi,Delhi
Jor bagh,Delhi
Delhi,Delhi
dwarka sector 12,Delhi
Moti Nagar,Delhi
Press Enclave,Delhi
Kailash Colony,Delhi
Karampura,Delhi
Civil Lines,Delhi
Khanpur Deoli,Delhi
Naraina Vihar,Delhi
Block GH5,Delhi
West Punjabi Bagh,Delhi
3 Dwarka Sector 9 Road,Delhi
Dwarka 11 Sector,Delhi
Block UU Uttari Pitampura,Delhi
Siddharth Enclave,Delhi
Lalita Park,Delhi
Mathura Road Sarita Vihar,Delhi
Azad Apartments,Delhi
Sadulajab,Delhi
Rajouri Garden,Delhi
Sector 1 Dwarka,Delhi
Vasant Kunj Marg,Delhi
Munirka,Delhi
Paryavaran Complex,Delhi
Meera Bagh,Delhi
Kundli,Delhi
Hauz Khas Enclave,Delhi
dwarka sector 13,Delhi
Rohini sector 16,Delhi
Som Vihar,Delhi
Mayur Vihar Phase 2,Delhi
Block SD Delhi,Delhi
Model Town,Delhi
Duggal Colony,Delhi
Shivalik,Delhi
Faridabad Gurgaon Road,Delhi
86 Sector 21 Road,Delhi
1 Lane Johri Farm,Delhi
Bamnoli Sector 28 Dwarka,Delhi
Sector24,Delhi
IP Extension,Delhi
Anand Lok,Delhi
Devli,Delhi
Inderpuri,Delhi
MBS Nagar Block WZ,Delhi
Block A,Delhi
New Ashok Nagar Block E,Delhi
Pocket 12,Delhi
Alaknanda Gangotri Enclave,Delhi
Sector 19B,Delhi
Roop Nagar,Delhi
Kamla Nagar,Delhi
param puri,Delhi
Om Nagar,Delhi
Delhi Meerut Expressway,Delhi
Road Number 1,Delhi
Pitampura Vaishali,Delhi
KMP Expressway,Delhi
Pratap Nagar,Delhi
Pratap Vihar,Delhi
Chhatarpur Extension,Delhi
Block H,Delhi
Block C,Delhi
vikaspuri,Delhi
Block C4H,Delhi
Block D,Delhi
Rana Pratap Bagh,Delhi
Malka Ganj,Delhi
Shakti Nagar,Delhi
Azadpur,Delhi
Panchsheel Enclave,Delhi
Janakpuri,Delhi
Geetanjali Enclave,Delhi
Kalkaji Govindpuri,Delhi
Ali Gaon,Delhi
Noida,Delhi
Mall Road,Delhi
North Campus,Delhi
Block F,Delhi
Shalimar Bagh,Delhi
DLF Golf Course,Delhi
Park End,Delhi
South Delhi,Delhi
Sahibabad,Delhi
F Block,Delhi
Block 18,Delhi
Sector-7 Rohini,Delhi
10 Sector Dwarka,Delhi
Sector 6 Rohini,Delhi
Dwarka More,Delhi
Dwarka Sector3,Delhi
Prithviraj Road,Delhi
Sector 23,Delhi
Vasundhara Enclave,Delhi
Om Enclave Mithapur Extension,Delhi
West Enclave,Delhi
Khari Baoli Road,Delhi
Chhattarpur Enclave Phase1,Delhi
Rama Park,Delhi
Mayur Vihar 2 Phase,Delhi
Sector 15 Rohini,Delhi
92 Sector 22 Road,Delhi
Sector 10,Delhi
Sector 4 Rohini,Delhi
Dwarka New Delhi 110075,Delhi
Sunder Nagar,Delhi
CVD Line,Delhi
Vijay Nagar,Delhi
Malviya Nagar,Delhi
Molar band Extension,Delhi
Gurgaon Delhi Expressway,Delhi
Okhla Village,Delhi
Mayur Vihar III,Delhi
Vasant Vihar,Delhi
joshi road,Delhi
Krishna Nagar,Delhi
Sector 62,Delhi
Faridabad Road,Delhi
Aurungzeb Road,Delhi
Okhla,Delhi
Mandi House,Delhi
Sector 37 Rohini,Delhi
Vishal Enclave,Delhi
Sector 112,Delhi
85 Sector 22 Road,Delhi
Sushant Lok Phase 1 Barakhamba,Delhi
Sector 21 Dwarka New Delhi,Delhi
Chanakya Puri,Delhi
Mathura Road,Delhi
Sector 108,Delhi
75 Sector 22 Road,Delhi
75 Noida Road,Delhi
Vaishali,Delhi
Pratap Khand,Delhi
Sangam Vihar,Delhi
47 Sector 22 Road,Delhi
Munirka Vihar,Delhi
Ghitorni,Delhi
Sector 4,Delhi
Sector 53,Delhi
Shankar Vihar,Delhi
Krishna Park Jawahar Park,Delhi
Nanak Pura,Delhi
Green Park Extension,Delhi
Noida Road,Delhi
48 Sector 22 Road,Delhi
Sector 33 Rohini,Delhi
Munirka Marg,Delhi
Pocket3 Sector24,Delhi
Panchsheel Park,Delhi
Shakti Vihar School Road,Delhi
Residential FlatVasant Vihar,Delhi
79 Sector 23 Road,Delhi
Kundli Manesar Palwal Expressway,Delhi
Phase 2 Chattarpur Enclave,Delhi
Om Vihar,Delhi
Anarkali Colony,Delhi
Nawada Extension,Delhi
Lajpat Nagar IV,Delhi
New Manglapuri,Delhi
MG Road Ghitorni,Delhi
Tigri,Delhi
Dharampura,Delhi
Ansal Satbari,Delhi
78 Sector 6 Road,Delhi
Sector C Vasant Kunj,Delhi
CD Block Dakshini Pitampura,Delhi
59 Sector 22 Road,Delhi
KarKardooma,Delhi
Nirman Vihar,Delhi
Preet Vihar,Delhi
Gagan Vihar,Delhi
Anand Niketan,Delhi
Pushpanjali Enclave,Delhi
Sector 14 Dwarka,Delhi
Block Wb Ganesh Nagar II,Delhi
Block E,Delhi
72 Sector 23 Road,Delhi
Aurobindo Marg,Delhi
Kirti Nagar,Delhi
Rajpur Road,Delhi
Residential FlatShakurbasti,Delhi
Residential FlatRajouri Garden,Delhi
77 Sector 6 Road,Delhi
82 Sector 22 Road,Delhi
Dwarka Road,Delhi
South Anarkali Delhi,Delhi
South Extension Part 1,Delhi
Defence Colony,Delhi
Ashram New,Delhi
Mansarovar garden,Delhi
Golf Links,Delhi
Connaught Place,Delhi
Westend,Delhi
Raju Parak Extension,Delhi
Sector 26 Dwarka,Delhi
Swasthya Vihar,Delhi
Anand Vihar,Delhi
Pontoon Bridge,Delhi
Hastsal,Delhi
Sector 8 Dwarka Block B,Delhi
Transit Camp,Delhi
Residential FlatSeelamPur,Delhi
Rajpur,Delhi
Meenakshi Garden,Delhi
Dwarka sec 6,Delhi
Nizampet,Hyderabad
Hitech City,Hyderabad
Manikonda,Hyderabad
Alwal,Hyderabad
Kukatpally,Hyderabad
Gachibowli,Hyderabad
Tellapur,Hyderabad
Kokapet,Hyderabad
Hyder Nagar,Hyderabad
Mehdipatnam,Hyderabad
Narsingi,Hyderabad
Khajaguda Nanakramguda Road,Hyderabad
Madhapur,Hyderabad
Puppalaguda,Hyderabad
Begumpet,Hyderabad
Banjara Hills,Hyderabad
AS Rao Nagar,Hyderabad
Pragathi Nagar Kukatpally,Hyderabad
Miyapur,Hyderabad
Mallampet,Hyderabad
Nanakramguda,Hyderabad
Attapur,Hyderabad
West Marredpally,Hyderabad
Kompally,Hyderabad
Sri Nagar Colony,Hyderabad
Hakimpet,Hyderabad
Pocharam,Hyderabad
Nagole,Hyderabad
LB Nagar,Hyderabad
Meerpet,Hyderabad
Kachiguda,Hyderabad
Masab Tank,Hyderabad
Kondapur,Hyderabad
Saroornagar,Hyderabad
Uppal Kalan,Hyderabad
Mallapur,Hyderabad
Rajendra Nagar,Hyderabad
Beeramguda,Hyderabad
Moosapet,Hyderabad
Bachupally,Hyderabad
Toli Chowki,Hyderabad
Lakdikapul,Hyderabad
Tarnaka,Hyderabad
Kistareddypet,Hyderabad
Hafeezpet,Hyderabad
Shaikpet,Hyderabad
Amberpet,Hyderabad
Kapra,Hyderabad
Trimalgherry,Hyderabad
Habsiguda,Hyderabad
Sanath Nagar,Hyderabad
Darga Khaliz Khan,Hyderabad
Kothaguda,Hyderabad
Balanagar,Hyderabad
Jubilee Hills,Hyderabad
raidurgam,Hyderabad
Murad Nagar,Hyderabad
Chandanagar,Hyderabad
East Marredpally,Hyderabad
Aminpur,Hyderabad
Gajularamaram,Hyderabad
Serilingampally,Hyderabad
Malkajgiri,Hyderabad
Mettuguda,Hyderabad
Venkat Nagar Colony,Hyderabad
Kondakal,Hyderabad
Gopanpally,Hyderabad
Somajiguda,Hyderabad
Nallagandla Gachibowli,Hyderabad
Krishna Reddy Pet,Hyderabad
Bolarum,Hyderabad
Zamistanpur,Hyderabad
Madhura Nagar,Hyderabad
Ghansi Bazaar,Hyderabad
Chintalakunta,Hyderabad
Chinthal Basthi,Hyderabad
Nallakunta,Hyderabad
Bowenpally,Hyderabad
Bandlaguda Jagir,Hyderabad
Boduppal,Hyderabad
Neknampur,Hyderabad
Appa Junction Peerancheru,Hyderabad
Ambedkar Nagar,Hyderabad
Vanasthalipuram,Hyderabad
Moula Ali,Hyderabad
Gandipet,Hyderabad
Nacharam,Hyderabad
Appa Junction,Hyderabad
Qutub Shahi Tombs,Hyderabad
Abids,Hyderabad
Dilsukh Nagar,Hyderabad
Quthbullapur,Hyderabad
Sainikpuri,Hyderabad
KTR Colony,Hyderabad
Bollaram,Hyderabad
Karmanghat,Hyderabad
Gajulramaram Kukatpally,Hyderabad
Uppal,Hyderabad
Cherlapalli,Hyderabad
Himayat Nagar,Hyderabad
Rhoda Mistri Nagar,Hyderabad
Chintalmet,Hyderabad
Hitex Road,Hyderabad
ECIL,Hyderabad
Boiguda,Hyderabad
ECIL Main Road,Hyderabad
ECIL Cross Road,Hyderabad
Rajbhavan Road Somajiguda,Hyderabad
Ramachandra Puram,Hyderabad
TellapurOsman Nagar Road,Hyderabad
Mansoorabad,Hyderabad
KRCR Colony Road,Hyderabad
Pragati Nagar,Hyderabad
Padmarao Nagar,Hyderabad
Paramount Colony Toli Chowki,Hyderabad
BK Guda Internal Road,Hyderabad
muthangi,Hyderabad
Pragathi Nagar,Hyderabad
Yapral,Hyderabad
Narayanguda,Hyderabad
Kollur,Hyderabad
Bachupally Road,Hyderabad
Old Bowenpally,Hyderabad
Alapathi Nagar,Hyderabad
Arvind Nagar Colony,Hyderabad
Matrusri Nagar,Hyderabad
Pragathi Nagar Road,Hyderabad
Padma Colony,Hyderabad
Happy Homes Colony,Hyderabad
Old Nallakunta,Hyderabad
Sangeet Nagar,Hyderabad
NRSA Colony,Hyderabad
Adibatla,Hyderabad
Methodist Colony,Hyderabad
Ameerpet,Hyderabad
ALIND Employees Colony,Hyderabad
Khizra Enclave,Hyderabad
Medchal,Hyderabad
Dammaiguda,Hyderabad
Suchitra,Hyderabad
Whitefields,Hyderabad
Mayuri Nagar,Hyderabad
Adda Gutta,Hyderabad
Miyapur HMT Swarnapuri Colony,Hyderabad
Central Excise Colony Hyderabad,Hyderabad
Basheer Bagh,Hyderabad
Gopal Nagar,Hyderabad
Bachupaly Road Miyapur,Hyderabad
Kushaiguda,Hyderabad
Ashok Nagar,Hyderabad
Barkatpura,Hyderabad
Madinaguda,Hyderabad
Bagh Amberpet,Hyderabad
new nallakunta,Hyderabad
BHEL,Hyderabad
Sun City,Hyderabad
Hydershakote,Hyderabad
BK Guda Road,Hyderabad
Nallagandla Road,Hyderabad
IDPL Colony,Hyderabad
Ramnagar Gundu,Hyderabad
Alkapur township,Hyderabad
Banjara Hills Road Number 12,Hyderabad
Panchavati Colony Manikonda,Hyderabad
New Maruthi Nagar,Hyderabad
Madhavaram Nagar Colony,Hyderabad
Miyapur Bachupally Road,Hyderabad
nizampet road,Hyderabad
Kokapeta Village,Hyderabad
HMT Hills,Hyderabad
Tilak Nagar,Hyderabad
Chititra Medchal,Hyderabad
Isnapur,Hyderabad
D D Colony,Hyderabad
DD Colony,Hyderabad
Patancheru Shankarpalli Road,Hyderabad
Patancheru,Hyderabad
Jhangir Pet,Hyderabad
Almasguda,Hyderabad
Allwyn Colony,Hyderabad
financial District,Hyderabad
Beeramguda Road,Hyderabad
Pati,Hyderabad
Karimnagar,Hyderabad
Kollur Road,Hyderabad
Sun City Padmasri Estates,Hyderabad
Chaitanyapuri,Hyderabad
Nandagiri Hills,Hyderabad
Whitefield,Hyderabad
Film Nagar,Hyderabad
Kismatpur,Hyderabad
Dr A S Rao Nagar Rd,Hyderabad
Dullapally,Hyderabad
KPHB,Hyderabad
Vivekananda Nagar Colony,Hyderabad
Ameenpur,Hyderabad
Chintradripet,Hyderabad
Ring Road,Hyderabad
Saket,Hyderabad
Kavuri Hills,Hyderabad
manneguda,Hyderabad
Moti Nagar,Hyderabad
Usman Nagar,Hyderabad
Shadnagar,Hyderabad
Bongloor,Hyderabad
Mailardevpally,Hyderabad
Uppalguda,Hyderabad
Tirumalgiri,Hyderabad
Chikkadapally,Hyderabad
JNTU,Hyderabad
hyderabad,Hyderabad
Shamshabad,Hyderabad
Srisailam Highway,Hyderabad
Domalguda,Hyderabad
Lingampalli,Hyderabad
Residential Flat Machavaram,Hyderabad
Whisper Valley,Hyderabad
Tukkuguda Airport View Point Road,Hyderabad
Santoshnagar,Hyderabad
Tolichowki,Hyderabad
Domalguda Road,Hyderabad
Shankarpalli,Hyderabad
Kothapet,Hyderabad
Baghlingampally,Hyderabad
Picket,Hyderabad
Safilguda,Hyderabad
Sikh Village,Hyderabad
Neredmet,Hyderabad
Macha Bolarum,Hyderabad
Kowkur,Hyderabad
Rakshapuram,Hyderabad
west venkatapuram,Hyderabad
Vidyanagar Adikmet,Hyderabad
Aushapur,Hyderabad
Old Alwal,Hyderabad
Secunderabad Railway Station Road,Hyderabad
Balapur,Hyderabad
Hastinapur,Hyderabad
chandrayangutta,Hyderabad
Balaji Hills Colony Venkatraya Nagar,Hyderabad
Janachaitanya Colony,Hyderabad
Gurramguda,Hyderabad
Paradise Circle,Hyderabad
Barasat,Kolkata
Keshtopur,Kolkata
Rajarhat,Kolkata
Narendrapur,Kolkata
New Town,Kolkata
Joka,Kolkata
Tangra,Kolkata
Sonarpur,Kolkata
Madhyamgram,Kolkata
Dum Dum,Kolkata
Chkravarti Para,Kolkata
Tollygunge,Kolkata
Sarsuna,Kolkata
Ultadanga,Kolkata
Madurdaha Hussainpur,Kolkata
New Alipore,Kolkata
Mukundapur,Kolkata
Kutighat,Kolkata
Behala,Kolkata
Sodepur,Kolkata
Konnagar,Kolkata
Uttarpara Kotrung,Kolkata
Baguiati,Kolkata
Hooghly Chinsurah,Kolkata
Hussainpur,Kolkata
Dum Dum Park,Kolkata
Bhadreswar,Kolkata
Garia,Kolkata
south dum dum,Kolkata
Santoshpur,Kolkata
Gariahat,Kolkata
Lake Gardens,Kolkata
Kalighat,Kolkata
Belghoria,Kolkata
Tagore Park,Kolkata
Kamardanga,Kolkata
Ballygunge,Kolkata
Purba Putiary,Kolkata
Ariadaha,Kolkata
Rahara,Kolkata
Kasba,Kolkata
Paschim Putiary,Kolkata
Howrah,Kolkata
Barisha Purba Para Road,Kolkata
Tiljala,Kolkata
Airport,Kolkata
East Kolkata Township,Kolkata
raghunathpur,Kolkata
Barrackpore,Kolkata
Lake Town,Kolkata
Bhawanipur,Kolkata
Alipore,Kolkata
Park Street Area,Kolkata
Elgin,Kolkata
Thakurpukur,Kolkata
Ashok Nagar,Kolkata
Haltu,Kolkata
Salt Lake City,Kolkata
Kaikhali,Kolkata
Chinar Park,Kolkata
Baranagar,Kolkata
Chandannagar,Kolkata
Garfa,Kolkata
Jorabagan,Kolkata
Baidyabati,Kolkata
Topsia,Kolkata
Dhapa,Kolkata
Netaji Nagar,Kolkata
Maniktala,Kolkata
Cossipore,Kolkata
Nayabad,Kolkata
Baghajatin,Kolkata
Jadavpur,Kolkata
Kankurgachi,Kolkata
Pancha Sayar,Kolkata
Phool Bagan,Kolkata
Bansdroni,Kolkata
Kustia,Kolkata
Ganguly Bagan,Kolkata
Jodhpur Park,Kolkata
Dakshineswar,Kolkata
Bhatenda,Kolkata
Reekjoyoni,Kolkata
Khardah,Kolkata
Kamarhati on BT Road,Kolkata
Paschim Barisha,Kolkata
Nabapally,Kolkata
Dhakuria,Kolkata
Regent Park,Kolkata
Patuli,Kolkata
kalikapur,Kolkata
Budge Budge,Kolkata
Beliaghata,Kolkata
Baguihati,Kolkata
Shyamnagar,Kolkata
Uttar Panchanna Gram,Kolkata
birati,Kolkata
Maheshtala,Kolkata
North Dumdum,Kolkata
Bramhapur,Kolkata
deshbandhu nagar,Kolkata
Ward No 113,Kolkata
Kamalgazi,Kolkata
VIP Nagar,Kolkata
Barisha,Kolkata
Ichapur,Kolkata
Salkia,Kolkata
Bally,Kolkata
Sealdah,Kolkata
Keyatala,Kolkata
Boral,Kolkata
Liluah,Kolkata
Dum Dum Cantonment,Kolkata
Mali Panchghara,Kolkata
Kamdahari,Kolkata
Akra,Kolkata
Sarada Pally,Kolkata
Sinthi,Kolkata
Rajpur,Kolkata
Panihati,Kolkata
Baruipur,Kolkata
Golf Green,Kolkata
Howrah Railway Station,Kolkata
Shibpur,Kolkata
Buroshibtalla,Kolkata
Bankra,Kolkata
College Square,Kolkata
Beniapukur,Kolkata
Bow Bazaar,Kolkata
Mominpore,Kolkata
Satchashipara,Kolkata
Harinavi,Kolkata
Dunlop,Kolkata
Chotto Chandpur,Kolkata
Jagadishpur,Kolkata
Kabardanga,Kolkata
Sant Nagar,Kolkata
Noapara,Kolkata
Banamalipur,Kolkata
Bonhooghly on BT Road,Kolkata
Botanical Garden Area,Kolkata
Royde Park,Kolkata
Panchpota,Kolkata
Taltala,Kolkata
Bally Khal,Kolkata
Ghosh Para,Kolkata
Murali,Kolkata
Rishra,Kolkata
N S C Bose Road,Kolkata
Madurdaha,Kolkata
purbalok,Kolkata
Bijoygarh,Kolkata
New Barrackpur,Kolkata
Rajbari,Kolkata
New Barrackpore,Kolkata
Parui Mauza,Kolkata
Parnashree,Kolkata
Prince Anwar Shah Connector,Kolkata
Kamalgazi Flyover,Kolkata
Sahid Khudiram Metro Station Road,Kolkata
Behala Chowrasta,Kolkata
Beckbagan,Kolkata
Garia Place,Kolkata
Sarat Bose Road,Kolkata
Mohisbathan,Kolkata
E M Bypass,Kolkata
Action Area III,Kolkata
Prince Anwar Shah Rd,Kolkata
Hazra,Kolkata
Entally,Kolkata
Southern Avenue,Kolkata
Action Area I,Kolkata
Swiss Park,Kolkata
Rabindra Sarovar,Kolkata
Nager Bazar,Kolkata
Sector II Salt Lake,Kolkata
Action Area I Newtown,Kolkata
Kamalgachhi More,Kolkata
Khasmallik,Kolkata
Pratapaditya Road,Kolkata
Sapuipara,Kolkata
Behala Thana,Kolkata
Roy Bahadur Road,Kolkata
Kalitala Road,Kolkata
Naktala,Kolkata
New Town Action Area I,Kolkata
Rajarhat Chowmatha,Kolkata
Selimpur Road,Kolkata
Rash Behari Avenue,Kolkata
Brahmapur Road,Kolkata
Ramlal Bazar,Kolkata
Topsia Road,Kolkata
Dhakuria Station Road,Kolkata
Babu Bagan,Kolkata
Kalipark Kolkata,Kolkata
Dum Dum Cantonment Kolkata,Kolkata
New Ballygunge,Kolkata
C R Avenue,Kolkata
Karunamoyee,Kolkata
Dum Dum Metro,Kolkata
Fartabad Road,Kolkata
Dharmatala Road,Kolkata
Lohar Bridge,Kolkata
Nazir Bagan,Kolkata
Bansdroni Metro Station Road,Kolkata
Kudghat Bridge,Kolkata
Selimpur Lane,Kolkata
Bedia Danga Kasba,Kolkata
New Ballygung Road,Kolkata
Sulekha,Kolkata
Chingrighata,Kolkata
Sector IV Salt Lake,Kolkata
Gitanjali Metro Station Road,Kolkata
Mankundu,Kolkata
NSC Bose Road Mahamaya Tala Garia,Kolkata
Kayastopara,Kolkata
Dumdum Italgacha,Kolkata
Gitanjali Park,Kolkata
Action Area IIB Newtown,Kolkata
Prafulla Kanan,Kolkata
Ruby Hosp Main Road,Kolkata
Naktala Road,Kolkata
Mahamayatala,Kolkata
Anandapur,Kolkata
Jodhpur Gardens,Kolkata
kalikapur gitangali park,Kolkata
Bondal Gate,Kolkata
Nayabad Main Road,Kolkata
Kasba Siemens,Kolkata
New Shakuntala Park,Kolkata
Residential Independent House Jadavpur,Kolkata
Madurdaha Near Ruby Hospital On EM Bypass,Kolkata
Nandi Bagan,Kolkata
Camac Street,Kolkata
Ramchandrapur,Kolkata
B T Road,Kolkata
Eastend Park Kalikapur,Kolkata
Chatterjee Bagan,Kolkata
EM Bypass South East,Kolkata
Sodepur B T Road,Kolkata
Picnic Garden,Kolkata
salt lake sec iii,Kolkata
Kavi Nazrul Metro Station Road,Kolkata
Baguiati Hela Battala,Kolkata
Selimpur,Kolkata
Newtown AA III,Kolkata
R B Connector,Kolkata
Belghoria Expressway,Kolkata
Lake Market,Kolkata
Ramlal Bazaar,Kolkata
Garia Rathtala,Kolkata
Bangur,Kolkata
N S C Bose Road  Narendrapur,Kolkata
N S C Bose Road Narendrapur,Kolkata
Jessore Road,Kolkata
International Airport,Kolkata
Park Circus,Kolkata
Purbalok Main Road,Kolkata
New Town AA 3,Kolkata
Durgapur,Kolkata
Biren Roy Road,Kolkata
Biren Roy Road West,Kolkata
Belgachia,Kolkata
Adarshapally Surjaysen Nagar,Kolkata
shalimar,Kolkata
Airport Area,Kolkata
boral main road,Kolkata
Jatin Das Road,Kolkata
Anil Maitra Road,Kolkata
Rajpur Sonarpur,Kolkata
Rash Behari Avenue Connector,Kolkata
Mission Pally,Kolkata
Tagore Park Road,Kolkata
Mission Palli Road,Kolkata
Atabagan,Kolkata
New Town Rajarhat Action Area 3,Kolkata
New Town Rajarhat,Kolkata
Diamond Park,Kolkata
BADU ROAD,Kolkata
Jatragachi Flyover,Kolkata
VIP Road,Kolkata
Block O,Kolkata
New Town Action Area II,Kolkata
Moore Avenue,Kolkata
New Alipore Road,Kolkata
Action Area II Newtown,Kolkata
Nayabad Daspara,Kolkata
Bangur avenue,Kolkata
Sonali Park,Kolkata
Sodepur Road,Kolkata
Kankurgachi Main Road,Kolkata
Wood Street,Kolkata
BT Road Titagarh,Kolkata
Joginder Garden Lane,Kolkata
Ballygunge Place East,Kolkata
Kestopur,Kolkata
Acharya Jagadish Chandra Bose Road,Kolkata
Park Circus Road,Kolkata
Ripon street,Kolkata
Raja Ram Mohan Roy Road,Kolkata
Kudgat,Kolkata
Bablatala,Kolkata
Kadamtala Dakshinpara Road,Kolkata
Paikpara,Kolkata
Ganguly Para,Kolkata
Fartabad,Kolkata
Jodthbhim Newtown,Kolkata
Durganagar,Kolkata
Kharghar,Mumbai
Sector-13 Kharghar,Mumbai
Sector 18 Kharghar,Mumbai
Sector 20 Kharghar,Mumbai
Sector 15 Kharghar,Mumbai
Dombivali,Mumbai
Churchgate,Mumbai
Prabhadevi,Mumbai
Jogeshwari West,Mumbai
Kalyan East,Mumbai
Malad East,Mumbai
Virar East,Mumbai
Virar,Mumbai
Malad West,Mumbai
Borivali East,Mumbai
Mira Road East,Mumbai
Goregaon West,Mumbai
Kandivali West,Mumbai
Borivali West,Mumbai
Kandivali East,Mumbai
Andheri East,Mumbai
Goregaon East,Mumbai
Wadala,Mumbai
Ulwe,Mumbai
Dahisar,Mumbai
kandivali,Mumbai
Goregaon,Mumbai
Bhandup West,Mumbai
thakur village kandivali east,Mumbai
Santacruz West,Mumbai
Kanjurmarg,Mumbai
I C Colony,Mumbai
Dahisar W,Mumbai
Marol,Mumbai
Parel,Mumbai
Lower Parel,Mumbai
Worli,Mumbai
Jogeshwari East,Mumbai
Chembur Shell Colony,Mumbai
Central Avenue,Mumbai
Chembur East,Mumbai
Diamond Market Road,Mumbai
Mulund,Mumbai
Nalasopara West,Mumbai
raheja vihar,Mumbai
Powai Lake,Mumbai
MHADA Colony 20,Mumbai
Tolaram Colony,Mumbai
Taloja,Mumbai
Thane West,Mumbai
Vangani,Mumbai
Sector 5 Ulwe,Mumbai
Sector12 New Panvel,Mumbai
Sector 17 Ulwe,Mumbai
Sector9 Kamothe,Mumbai
Sector 19 Kharghar,Mumbai
Navi Basti,Mumbai
Sector12 Kamothe,Mumbai
Sector 21 Kamothe,Mumbai
Rutu Enclave,Mumbai
taloja panchanand,Mumbai
Virar West,Mumbai
Chembur,Mumbai
Sector 20 Kamothe,Mumbai
Sector 22 Kamothe,Mumbai
Sector 18 Kamothe,Mumbai
Sector-5 Kamothe,Mumbai
Sector-6A Kamothe,Mumbai
Sector 11 Kamothe,Mumbai
Sector-18 Ulwe,Mumbai
Sector-12 Kamothe,Mumbai
azad nagar,Mumbai
Sindhi Society Chembur,Mumbai
Kurla,Mumbai
Sahkar Nagar,Mumbai
Deonar,Mumbai
Thane,Mumbai
Jankalyan Nagar,Mumbai
Badlapur,Mumbai
Ambarnath,Mumbai
Ambernath West,Mumbai
Vakola,Mumbai
Kamothe,Mumbai
Kamothe Sector 16,Mumbai
Almeida Park,Mumbai
Khar,Mumbai
Bandra West,Mumbai
Pali Hill,Mumbai
15th Road,Mumbai
Palghar,Mumbai
Sector13 Kharghar,Mumbai
Sector 21 Kharghar,Mumbai
Sector 12 Kharghar,Mumbai
Vivek Vidyalaya Marg,Mumbai
Vasai east,Mumbai
Nahur,Mumbai
Badlapur West,Mumbai
Panvel,Mumbai
Kalyan,Mumbai
Badlapur East,Mumbai
Mira Bhayandar,Mumbai
Juhu,Mumbai
Naigaon East,Mumbai
Sector 21 Ulwe,Mumbai
Bandra East,Mumbai
Dronagiri,Mumbai
Nerul,Mumbai
Karanjade,Mumbai
Sanpada,Mumbai
Sector-8 Ulwe,Mumbai
Sector-3 Ulwe,Mumbai
Sector 23 Ulwe,Mumbai
ULWE SECTOR 19,Mumbai
Ghodbunder Road,Mumbai
Bhiwandi,Mumbai
Vasai,Mumbai
Nala Sopara,Mumbai
Dadar East,Mumbai
Ghatkopar,Mumbai
Breach Candy,Mumbai
Worli South Mumbai,Mumbai
Asangaon,Mumbai
Koparkhairane Station Road,Mumbai
Kopar Khairane Sector 19A,Mumbai
Koper Khairane,Mumbai
Eastern Express Highway Vikhroli,Mumbai
Magathane,Mumbai
Rawal Pada,Mumbai
Ambernath East,Mumbai
Dokali Pada,Mumbai
Dattapada,Mumbai
Rajendra Nagar,Mumbai
Kulupwadi,Mumbai
Samata Nagar Thakur Village,Mumbai
Mira Road and Beyond,Mumbai
West Amardeep Colony,Mumbai
Pant Nagar,Mumbai
mumbai,Mumbai
Four Bungalows,Mumbai
no 9,Mumbai
kolshet,Mumbai
Hiranandani Meadows,Mumbai
Kalpataru,Mumbai
Petali,Mumbai
Kharghar Sector 34C,Mumbai
Ghatkopar East,Mumbai
Mumbai Agra National Highway,Mumbai
vasant vihar thane west,Mumbai
Kalyan West,Mumbai
Shirgaon,Mumbai
Pokhran 2,Mumbai
juhu tara,Mumbai
Peddar Road,Mumbai
Palm Beach,Mumbai
Sector 10,Mumbai
Sector 19 Kamothe,Mumbai
Tilak Nagar,Mumbai
Ghatkopar West,Mumbai
Tardeo,Mumbai
Napeansea Road,Mumbai
Mahalaxmi,Mumbai
Dahisar West,Mumbai
Mulund West,Mumbai
Natakwala Lane,Mumbai
Link Road,Mumbai
Devidas Cross Lane,Mumbai
Soniwadi Road,Mumbai
Haridas Nagar,Mumbai
Shimpoli,Mumbai
TPS Road,Mumbai
Off Shimpoli road,Mumbai
Rustomjee Global City,Mumbai
Sunil Nagar,Mumbai
Sector 30 Kharghar,Mumbai
Sector 12 A,Mumbai
Sector 18,Mumbai
Sector13 Khanda Colony,Mumbai
Sector16 Airoli,Mumbai
Ranjanpada,Mumbai
Sector 15,Mumbai
Sector 35G,Mumbai
Sector 5,Mumbai
Sector 35I Kharghar,Mumbai
Sector35D Kharghar,Mumbai
Sector34 A Kharghar,Mumbai
Sector 30,Mumbai
Sector 36 Kharghar,Mumbai
Sector 11 Belapur,Mumbai
Sector-34B Kharghar,Mumbai
Dombivali East,Mumbai
Roadpali,Mumbai
Sector-50 Seawoods,Mumbai
Mumbai Highway,Mumbai
Sector 7 Kharghar,Mumbai
Lokhandwala Township,Mumbai
Andheri,Mumbai
Andheri West,Mumbai
Shastri Nagar,Mumbai
Wadala East Wadala,Mumbai
Kalwa,Mumbai
PARSIK NAGAR,Mumbai
Maharashtra Nagar,Mumbai
Patlipada,Mumbai
Belapur,Mumbai
Seawoods,Mumbai
Majiwada,Mumbai
4 Bunglows,Mumbai
Airoli,Mumbai
Kolshet Road,Mumbai
Sector 10 Khanda Colony,Mumbai
Pokharan Road,Mumbai
Kharegaon,Mumbai
Panch Pakhadi,Mumbai
Sector 36 Kamothe,Mumbai
Dombivli (West),Mumbai
DN Nagar Road,Mumbai
Godrej Hill,Mumbai
Ganesh Nagar,Mumbai
Haware City,Mumbai
Mahatma Gandhi Road,Mumbai
Akurli Nagar,Mumbai
Kasar vadavali,Mumbai
Vasai West,Mumbai
Mumbai Nashik Expressway,Mumbai
Katrap,Mumbai
Mira Road,Mumbai
Kasheli,Mumbai
Western Express Highway Kandivali East,Mumbai
Vasind,Mumbai
KASHELI,Mumbai
Thakurli,Mumbai
Shakti Nagar,Mumbai
Bhayandar East,Mumbai
Dahisar East,Mumbai
ulhasnagar 4,Mumbai
Sector-26 Taloja,Mumbai
Koproli,Mumbai
Mumbai Central,Mumbai
Greater Khanda,Mumbai
link road borivali west,Mumbai
Manpada,Mumbai
Sector 2 Ulwe,Mumbai
Govind nagar,Mumbai
Krishanlal Marwah Marg,Mumbai
Sector-9 Ulwe,Mumbai
Vikhroli,Mumbai
Kalamboli,Mumbai
Lokhandwala,Mumbai
Patel Nagar,Mumbai
Yari Road,Mumbai
Thakur complex,Mumbai
Khar West,Mumbai
Sector 11 Kharghar,Mumbai
Ghansoli,Mumbai
Sector8 Sanpada,Mumbai
Jeejamata Nagar,Mumbai
Pandurangwadi,Mumbai
Shreyas Colony,Mumbai
Kannamwar Nagar II,Mumbai
gokuldham,Mumbai
Bangur Nagar,Mumbai
Shivaji Colony,Mumbai
Jawahar Nagar,Mumbai
Vedant Complex,Mumbai
Titwala,Mumbai
Manvel pada Road,Mumbai
Govandi,Mumbai
Shilphata Road Thane,Mumbai
Vasant Vihar,Mumbai
Thakur Village,Mumbai
Samata nagar,Mumbai
Wadi Bandar,Mumbai
Kapurbawadi,Mumbai
Thane Belapur Road Kalwa,Mumbai
Suburbs Mumbai,Mumbai
Ramdev Park,Mumbai
Sector-35 Kamothe,Mumbai
Sector 58A Seawoods Navi Mumbai,Mumbai
Diva,Mumbai
Borivali,Mumbai
Gundavali Gaothan,Mumbai
Kondivita Road,Mumbai
Koldongri,Mumbai
Saki Naka,Mumbai
Bhayandar West,Mumbai
Versova,Mumbai
Hanuman Nagar,Mumbai
worli sea face,Mumbai
Sea Face,Mumbai
Shiv Sagar Estate,Mumbai
Grant Road West,Mumbai
Sriprastha,Mumbai
Off Nepean Sea Road,Mumbai
Morya Nagar,Mumbai
Upper Worli,Mumbai
worli sea Fase,Mumbai
Powai,Mumbai
Agripada,Mumbai
Sion,Mumbai
Girgaon,Mumbai
IT Colony,Mumbai
Bhayandarpada,Mumbai
Sector-24 Kamothe,Mumbai
Phase 2,Mumbai
Sector 6,Mumbai
Malad,Mumbai
Haji Ali,Mumbai
Majiwada thane,Mumbai
Yogi Hills,Mumbai
Sector 19 Nerul,Mumbai
Owale,Mumbai
MG Road,Mumbai
roadpali navimumbai,Mumbai
Taloja Bypass Nitalas Link Road,Mumbai
Rasayani,Mumbai
Sector 10 Kamothe,Mumbai
kavesar,Mumbai
Kopara,Mumbai
royal palms goregaon east,Mumbai
Dadar West,Mumbai
vrindavan society,Mumbai
CBD Belapur East,Mumbai
Parel Village,Mumbai
Karave Nagar,Mumbai
Sector 19A Nerul,Mumbai
Antop Hill,Mumbai
Suman Nagar,Mumbai
Bhakti Park,Mumbai
Hanuman Chowk,Mumbai
Willingdon,Mumbai
VishnuNagar,Mumbai
Vichumbe,Mumbai
Vashi,Mumbai
Poonam Sagar Complex,Mumbai
Santacruz East,Mumbai
Mulund East,Mumbai
Sector-8 Sanpada,Mumbai
Sector-9 Ghansoli,Mumbai
Balkum,Mumbai
Hiranandani Estates,Mumbai
Vartak Nagar,Mumbai
Charkop,Mumbai
dhanukarwadi,Mumbai
Vazira,Mumbai
Four Bunglows,Mumbai
Palava,Mumbai
Oshiwara Police Station Road,Mumbai
Seven Bunglow,Mumbai
Poddar Road,Mumbai
Gulmohar Road,Mumbai
Vile Parle E,Mumbai
Pokhran Road No 2,Mumbai
Sainath Nagar,Mumbai
Kapur Bawdi,Mumbai
Manpada near Tiku ji ni wadi,Mumbai
Kolshet Industrial Area,Mumbai
Sector16 Ulwe,Mumbai
Anand Nagar Thane West,Mumbai
Charkop Sector 8,Mumbai
Vile Parle,Mumbai
Marine Lines,Mumbai
Bandra Kurla Complex,Mumbai
sec 50 new,Mumbai
Vakola Pipeline Road,Mumbai
Neral,Mumbai
Shil Phata,Mumbai
Ville Parle East,Mumbai
matunga east,Mumbai
Dharavi,Mumbai
vile parle west,Mumbai
Anjurdive,Mumbai
Uran,Mumbai
Boisar,Mumbai
Kanjurmarg East,Mumbai
Kurla West,Mumbai
Sewri,Mumbai
Matunga,Mumbai
Goregaon (East),Mumbai
Malabar Hill,Mumbai
Ambivali,Mumbai
Nalasopara East,Mumbai
Vijay Nagar,Mumbai
Chedda Nagar,Mumbai
Kurla East,Mumbai
Kharodi,Mumbai
Ville Parle West,Mumbai
Vikhroli West,Mumbai
Wadala East,Mumbai
Palidevad,Mumbai
Vikroli East,Mumbai
Mahim,Mumbai
Khalapur,Mumbai
Karjat,Mumbai
Vitthalwadi,Mumbai
Bhoiwada Kalyan,Mumbai
Beturkar Pada,Mumbai
Ambivli,Mumbai
Nilje Gaon,Mumbai
Khopoli,Mumbai
Taloje,Mumbai
Gulal Wadi,Mumbai
Tilak Nagar Mumbai,Mumbai
Chandivali,Mumbai
Nere,Mumbai
Kewale,Mumbai
Sector 9 Airoli,Mumbai
Diva Gaon,Mumbai
Sen Nagar,Mumbai
Adaigaon,Mumbai
Syndicate,Mumbai
Gandhar Nagar,Mumbai
Byculla,Mumbai
Padle Gaon,Mumbai
